epoch,training_loss,training_accuracy,validation_loss,validation_accuracy
0,9.210722227891287,0.5733333333333334,6.430223931868871,0.7666666666666667
1,5.192102670669556,0.8,1.1928822410603364,0.9333333333333333
2,4.786901406943798,0.84,3.6634491539249816,0.85
3,6.685567784744005,0.82,3.21342118550092,0.8666666666666667
4,6.469036137064298,0.8466666666666667,2.055685754554967,0.9333333333333333
